[
  {
    "name": "Access Bank",
    "slug": "access-bank",
    "code": "044",
    "ussd": "*901#",
    "logo": "/logo/access-bank.png"
  },
  {
    "name": "Access Bank (Diamond)",
    "slug": "access-bank-diamond",
    "code": "063",
    "ussd": "*426#",
    "logo": "/logo/access-bank-diamond.png"
  },
  {
    "name": "ALAT by WEMA",
    "slug": "alat-by-wema",
    "code": "035A",
    "ussd": "*945*100#",
    "logo": "/logo/alat-by-wema.png"
  },
  {
    "name": "ASO Savings and Loans",
    "slug": "asosavings",
    "code": "401",
    "ussd": "",
    "logo": "/logo/asosavings.png"
  },
  {
    "name": "Bowen Microfinance Bank",
    "slug": "bowen-microfinance-bank",
    "code": "50931",
    "ussd": "",
    "logo": "/logo/default-image.png"
  },
  {
    "name": "CEMCS Microfinance Bank",
    "slug": "cemcs-microfinance-bank",
    "code": "50823",
    "ussd": "",
    "logo": "/logo/cemcs-microfinance-bank.png"
  },
  {
    "name": "Citibank Nigeria",
    "slug": "citibank-nigeria",
    "code": "023",
    "ussd": "",
    "logo": "/logo/citibank-nigeria.png"
  },
  {
    "name": "Carbon",
    "slug": "carbon",
    "code": "565",
    "ussd": null,
    "logo": "/logo/carbon.png"
  },
  {
    "name": "Ecobank Nigeria",
    "slug": "ecobank-nigeria",
    "code": "050",
    "ussd": "*326#",
    "logo": "/logo/ecobank-nigeria.png"
  },
  {
    "name": "Ekondo Microfinance Bank",
    "slug": "ekondo-microfinance-bank",
    "code": "562",
    "ussd": "*540*178#",
    "logo": "/logo/ekondo-microfinance-bank.png"
  },
  {
    "name": "Fidelity Bank",
    "slug": "fidelity-bank",
    "code": "070",
    "ussd": "*770#",
    "logo": "/logo/fidelity-bank.png"
  },
  {
    "name": "First Bank of Nigeria",
    "slug": "first-bank-of-nigeria",
    "code": "011",
    "ussd": "*894#",
    "logo": "/logo/first-bank-of-nigeria.png"
  },
  {
    "name": "First City Monument Bank",
    "slug": "first-city-monument-bank",
    "code": "214",
    "ussd": "*329#",
    "logo": "/logo/first-city-monument-bank.png"
  },
  {
    "name": "Globus Bank",
    "slug": "globus-bank",
    "code": "00103",
    "ussd": "*989#",
    "logo": "/logo/globus-bank.png"
  },
  {
    "name": "Guaranty Trust Bank",
    "slug": "guaranty-trust-bank",
    "code": "058",
    "ussd": "*737#",
    "logo": "/logo/guaranty-trust-bank.png"
  },
  {
    "name": "Hasal Microfinance Bank",
    "slug": "hasal-microfinance-bank",
    "code": "50383",
    "ussd": "*322*127#",
    "logo": "/logo/default-image.png"
  },
  {
    "name": "Heritage Bank",
    "slug": "heritage-bank",
    "code": "030",
    "ussd": "*322#",
    "logo": "/logo/heritage-bank.png"
  },
  {
    "name": "Jaiz Bank",
    "slug": "jaiz-bank",
    "code": "301",
    "ussd": "*389*301#",
    "logo": "/logo/default-image.png"
  },
  {
    "name": "Keystone Bank",
    "slug": "keystone-bank",
    "code": "082",
    "ussd": "*7111#",
    "logo": "/logo/keystone-bank.png"
  },
  {
    "name": "Kuda Bank",
    "slug": "kuda-bank",
    "code": "50211",
    "ussd": "",
    "logo": "/logo/kuda-bank.png"
  },
  {
    "name": "Moniepoint",
    "slug": "moniepoint",
    "code": "50211",
    "ussd": "*945#",
    "logo": "/logo/moniepoint.png"
  },
  {
    "name": "One Finance",
    "slug": "one-finance",
    "code": "565",
    "ussd": "*1303#",
    "logo": "/logo/default-image.png"
  },
  {
    "name": "Paga",
    "slug": "paga",
    "code": "327",
    "ussd": "",
    "logo": "/logo/paga.png"
  },
  {
    "name": "Parallex Bank",
    "slug": "parallex-bank",
    "code": "526",
    "ussd": "*322*318*0#",
    "logo": "/logo/default-image.png"
  },
  {
    "name": "Polaris Bank",
    "slug": "polaris-bank",
    "code": "076",
    "ussd": "*833#",
    "logo": "/logo/polaris-bank.png"
  },
  {
    "name": "PalmPay",
    "slug": "palmpay",
    "code": "51022",
    "ussd": "*245#",
    "logo": "/logo/palmpay.png"
  },
  {
    "name": "Providus Bank",
    "slug": "providus-bank",
    "code": "101",
    "ussd": "",
    "logo": "/logo/default-image.png"
  },
  {
    "name": "Rubies MFB",
    "slug": "rubies-mfb",
    "code": "125",
    "ussd": "*7797#",
    "logo": "/logo/default-image.png"
  },
  {
    "name": "Sparkle Microfinance Bank",
    "slug": "sparkle-microfinance-bank",
    "code": "51310",
    "ussd": "",
    "logo": "/logo/sparkle-microfinance-bank.png"
  },
  {
    "name": "Stanbic IBTC Bank",
    "slug": "stanbic-ibtc-bank",
    "code": "221",
    "ussd": "*909#",
    "logo": "/logo/stanbic-ibtc-bank.png"
  },
  {
    "name": "Standard Chartered Bank",
    "slug": "standard-chartered-bank",
    "code": "068",
    "ussd": "",
    "logo": "/logo/standard-chartered-bank.png"
  },
  {
    "name": "Sterling Bank",
    "slug": "sterling-bank",
    "code": "232",
    "ussd": "*822#",
    "logo": "/logo/sterling-bank.png"
  },
  {
    "name": "Suntrust Bank",
    "slug": "suntrust-bank",
    "code": "100",
    "ussd": "*5230#",
    "logo": "/logo/default-image.png"
  },
  {
    "name": "TAJ Bank",
    "slug": "taj-bank",
    "code": "302",
    "ussd": "*898#",
    "logo": "/logo/taj-bank.png"
  },
  {
    "name": "TCF MFB",
    "slug": "tcf-mfb",
    "code": "51211",
    "ussd": "*908#",
    "logo": "/logo/default-image.png"
  },
  {
    "name": "Titan Trust Bank",
    "slug": "titan-trust-bank",
    "code": "102",
    "ussd": "*922#",
    "logo": "/logo/default-image.png"
  },
  {
    "name": "Union Bank of Nigeria",
    "slug": "union-bank-of-nigeria",
    "code": "032",
    "ussd": "*826#",
    "logo": "/logo/union-bank-of-nigeria.png"
  },
  {
    "name": "United Bank For Africa",
    "slug": "united-bank-for-africa",
    "code": "033",
    "ussd": "*919#",
    "logo": "/logo/united-bank-for-africa.png"
  },
  {
    "name": "Unity Bank",
    "slug": "unity-bank",
    "code": "215",
    "ussd": "*7799#",
    "logo": "/logo/default-image.png"
  },
  {
    "name": "VFD",
    "slug": "vfd",
    "code": "566",
    "ussd": "",
    "logo": "/logo/default-image.png"
  },
  {
    "name": "Wema Bank",
    "slug": "wema-bank",
    "code": "035",
    "ussd": "*945#",
    "logo": "/logo/wema-bank.png"
  },
  {
    "name": "Zenith Bank",
    "slug": "zenith-bank",
    "code": "057",
    "ussd": "*966#",
    "logo": "/logo/zenith-bank.png"
  }
]
